Workbook

Sheet Guardian
A1: FirstName | B1: LastName | C1: MRN | D1: AccountNumber | E1: VisitNumber | F1: PhoneNumber | G1: CellphoneNumber | H1: EmailAddress | I1: DateOfBirth
A2: NO SIBLING GUARDIAN | B2: TESTING | C2: G231 | D2: G231 | E2: G231 | I2: 27051
A3: GUARDIAN FOR TWIN | B3: TIMELESS | C3: G123 | D3: G123 | E3: G123 | F3: 1111111111 | G3: 2222222222 | H3: sampleguardian@mail.com | I3: 27051

Sheet Patient
A1: FirstName | B1: MiddleName | C1: LastName | D1: DateOfBirth | E1: MRNNumber | F1: AccountNumber | G1: VisitNumber | H1: MPID | I1: Room | J1: Bed | K1: MotherIdentifier | L1: UseForTesting
A2: NO SIBLING | C2: TESTING | D2: 45344 | E2: 12345 | F2: 12345 | G2: 12345 | H2: 12345 | I2: 300 | J2: 003 | K2: G231 | L2: 1
A3: TWIN BABY A | C3: TIMELESS | E3: 123 | F3: 123 | G3: 123 | H3: 123 | I3: 100 | J3: 001 | K3: =Guardian!C3 -> G123
A4: TWIN BABY B | C4: TIMELESS | E4: 1234 | F4: 1234 | G4: 1234 | H4: 1234 | I4: 200 | J4: 002 | K4: G123

Sheet Order
A1: Order Name | B1: Order Base | C1: Milk Base / Base Product | D1: Base Product ShortName | E1: Base Product Cal | F1: Feed Volume | G1: Frequency | H1: Label Notes | I1: Additive Name | J1: Short Name | K1: Is Modular | L1: Mix To Cal or Modular Value
A2: EHM + Fortifiers | B2: Breastmilk | F2: 10 | H2: EHM + Fortifiers Label Note
I3: Enfamil Infant PWD | J3: =IF(VLOOKUP(I3, OrderAdditives!A:B, 2, FALSE)=0, "", VLOOKUP(I3, OrderAdditives!A:B, 2, FALSE)) -> Enfamil Infant | K3: FALSE | L3: =IFERROR(ROUND(IF(Setup!B2=Setup!F1, 22*Setup!F2, IF(Setup!B2=Setup!E1, 22*Setup!E2, IF(Setup!B2=Setup!D1, 22*Setup!D2, 0))), IF(Setup!B2=Setup!D1, 0, Setup!B3)), 0) -> 22
I4: Mct Oil Concentrate | J4: =IF(VLOOKUP(I4, OrderAdditives!A:B, 2, FALSE)=0, "", VLOOKUP(I4, OrderAdditives!A:B, 2, FALSE)) -> MCT Oil | K4: FALSE | L4: =IFERROR(ROUND(IF(Setup!B2=Setup!F1, 24*Setup!F2, IF(Setup!B2=Setup!E1, 24*Setup!E2, IF(Setup!B2=Setup!D1, 24*Setup!D2, 0))), IF(Setup!B2=Setup!D1, 0, Setup!B3)), 0) -> 24
A5: EHM +Fortifier + Modular | B5: Breastmilk | F5: 10 | H5: EHM + Fortifier + Modular Label Note
I6: Enfamil Infant PWD | J6: =IF(VLOOKUP(I6, OrderAdditives!A:B, 2, FALSE)=0, "", VLOOKUP(I6, OrderAdditives!A:B, 2, FALSE)) -> Enfamil Infant | K6: FALSE | L6: =IFERROR(ROUND(IF(Setup!B2=Setup!F1, 22*Setup!F2, IF(Setup!B2=Setup!E1, 22*Setup!E2, IF(Setup!B2=Setup!D1, 22*Setup!D2, 0))), IF(Setup!B2=Setup!D1, 0, Setup!B3)), 0) -> 22
I7: Mct Oil Concentrate | J7: =IF(VLOOKUP(I7, OrderAdditives!A:B, 2, FALSE)=0, "", VLOOKUP(I7, OrderAdditives!A:B, 2, FALSE)) -> MCT Oil | K7: TRUE | L7: 0.2
A8: DHM + Fortifiers | B8: Breastmilk | F8: 10 | H8: EHM + Fortifiers Label Note
I9: Enfamil Infant PWD | J9: =IF(VLOOKUP(I9, OrderAdditives!A:B, 2, FALSE)=0, "", VLOOKUP(I9, OrderAdditives!A:B, 2, FALSE)) -> Enfamil Infant | K9: FALSE | L9: =IFERROR(ROUND(IF(Setup!B2=Setup!F1, 22*Setup!F2, IF(Setup!B2=Setup!E1, 22*Setup!E2, IF(Setup!B2=Setup!D1, 22*Setup!D2, 0))), IF(Setup!B2=Setup!D1, 0, Setup!B3)), 0) -> 22
I10: Mct Oil Concentrate | J10: =IF(VLOOKUP(I10, OrderAdditives!A:B, 2, FALSE)=0, "", VLOOKUP(I10, OrderAdditives!A:B, 2, FALSE)) -> MCT Oil | K10: FALSE | L10: =IFERROR(ROUND(IF(Setup!B2=Setup!F1, 24*Setup!F2, IF(Setup!B2=Setup!E1, 24*Setup!E2, IF(Setup!B2=Setup!D1, 24*Setup!D2, 0))), IF(Setup!B2=Setup!D1, 0, Setup!B3)), 0) -> 24
A11: DHM +Fortifier + Modular | B11: Breastmilk | F11: 10 | H11: EHM + Fortifier + Modular Label Note
I12: Enfamil Infant PWD | J12: =IF(VLOOKUP(I12, OrderAdditives!A:B, 2, FALSE)=0, "", VLOOKUP(I12, OrderAdditives!A:B, 2, FALSE)) -> Enfamil Infant | K12: FALSE | L12: =IFERROR(ROUND(IF(Setup!B2=Setup!F1, 22*Setup!F2, IF(Setup!B2=Setup!E1, 22*Setup!E2, IF(Setup!B2=Setup!D1, 22*Setup!D2, 0))), IF(Setup!B2=Setup!D1, 0, Setup!B3)), 0) -> 22
I13: Mct Oil Concentrate | J13: =IF(VLOOKUP(I13, OrderAdditives!A:B, 2, FALSE)=0, "", VLOOKUP(I13, OrderAdditives!A:B, 2, FALSE)) -> MCT Oil | K13: TRUE | L13: 0.2
A14: EHM or DHM + Fortifiers | B14: Breastmilk | F14: 10 | H14: EHM + Fortifiers Label Note
I15: Enfamil Infant PWD | J15: =IF(VLOOKUP(I15, OrderAdditives!A:B, 2, FALSE)=0, "", VLOOKUP(I15, OrderAdditives!A:B, 2, FALSE)) -> Enfamil Infant | K15: FALSE | L15: =IFERROR(ROUND(IF(Setup!B2=Setup!F1, 22*Setup!F2, IF(Setup!B2=Setup!E1, 22*Setup!E2, IF(Setup!B2=Setup!D1, 22*Setup!D2, 0))), IF(Setup!B2=Setup!D1, 0, Setup!B3)), 0) -> 22
I16: Mct Oil Concentrate | J16: =IF(VLOOKUP(I16, OrderAdditives!A:B, 2, FALSE)=0, "", VLOOKUP(I16, OrderAdditives!A:B, 2, FALSE)) -> MCT Oil | K16: FALSE | L16: =IFERROR(ROUND(IF(Setup!B2=Setup!F1, 24*Setup!F2, IF(Setup!B2=Setup!E1, 24*Setup!E2, IF(Setup!B2=Setup!D1, 24*Setup!D2, 0))), IF(Setup!B2=Setup!D1, 0, Setup!B3)), 0) -> 24
A17: EHM or DHM + Fortifier + Modular | B17: Breastmilk | F17: 10 | H17: EHM + Fortifiers Label Note
I18: Enfamil Infant PWD | J18: =IF(VLOOKUP(I18, OrderAdditives!A:B, 2, FALSE)=0, "", VLOOKUP(I18, OrderAdditives!A:B, 2, FALSE)) -> Enfamil Infant | K18: FALSE | L18: =IFERROR(ROUND(IF(Setup!B2=Setup!F1, 22*Setup!F2, IF(Setup!B2=Setup!E1, 22*Setup!E2, IF(Setup!B2=Setup!D1, 22*Setup!D2, 0))), IF(Setup!B2=Setup!D1, 0, Setup!B3)), 0) -> 22
I19: Mct Oil Concentrate | J19: =IF(VLOOKUP(I19, OrderAdditives!A:B, 2, FALSE)=0, "", VLOOKUP(I19, OrderAdditives!A:B, 2, FALSE)) -> MCT Oil | K19: TRUE | L19: 0.2
A20: Product without Fortifier | B20: Product | C20: Enfamil Infant RTU | D20: =IF(VLOOKUP(C20, 'Order Base'!A:B, 2, FALSE)=0, "", VLOOKUP(C20, 'Order Base'!A:B, 2, FALSE)) -> Enfamil Infant | E20: =VLOOKUP(C20, 'Order Base'!A:C, 3, FALSE) -> 20 | F20: 10 | H20: Product without Fortifier Label Note
A21: Product + Fortifiers | B21: Product | C21: Enfamil Infant RTU | D21: =IF(VLOOKUP(C21, 'Order Base'!A:B, 2, FALSE)=0, "", VLOOKUP(C21, 'Order Base'!A:B, 2, FALSE)) -> Enfamil Infant | E21: =VLOOKUP(C21, 'Order Base'!A:C, 3, FALSE) -> 20 | F21: 10 | H21: Product + Fortifier Label Note
I22: Enfamil Infant PWD | J22: =IF(VLOOKUP(I22, OrderAdditives!A:B, 2, FALSE)=0, "", VLOOKUP(I22, OrderAdditives!A:B, 2, FALSE)) -> Enfamil Infant | K22: FALSE | L22: =IFERROR(ROUND(IF(Setup!B2=Setup!F1, 22*Setup!F2, IF(Setup!B2=Setup!E1, 22*Setup!E2, IF(Setup!B2=Setup!D1, 22*Setup!D2, 0))), IF(Setup!B2=Setup!D1, 0, Setup!B3)), 0) -> 22
I23: Mct Oil Concentrate | J23: =IF(VLOOKUP(I23, OrderAdditives!A:B, 2, FALSE)=0, "", VLOOKUP(I23, OrderAdditives!A:B, 2, FALSE)) -> MCT Oil | K23: FALSE | L23: =IFERROR(ROUND(IF(Setup!B2=Setup!F1, 24*Setup!F2, IF(Setup!B2=Setup!E1, 24*Setup!E2, IF(Setup!B2=Setup!D1, 24*Setup!D2, 0))), IF(Setup!B2=Setup!D1, 0, Setup!B3)), 0) -> 24
A24: Product + Fortifier + Modular | B24: Product | C24: Enfamil Infant RTU | D24: =IF(VLOOKUP(C24, 'Order Base'!A:B, 2, FALSE)=0, "", VLOOKUP(C24, 'Order Base'!A:B, 2, FALSE)) -> Enfamil Infant | E24: =VLOOKUP(C24, 'Order Base'!A:C, 3, FALSE) -> 20 | F24: 10 | H24: Product + Fortifier + Modular Label Note
I25: Enfamil Infant PWD | J25: =IF(VLOOKUP(I25, OrderAdditives!A:B, 2, FALSE)=0, "", VLOOKUP(I25, OrderAdditives!A:B, 2, FALSE)) -> Enfamil Infant | K25: FALSE | L25: =IFERROR(ROUND(IF(Setup!B2=Setup!F1, 22*Setup!F2, IF(Setup!B2=Setup!E1, 22*Setup!E2, IF(Setup!B2=Setup!D1, 22*Setup!D2, 0))), IF(Setup!B2=Setup!D1, 0, Setup!B3)), 0) -> 22
I26: Mct Oil Concentrate | J26: =IF(VLOOKUP(I26, OrderAdditives!A:B, 2, FALSE)=0, "", VLOOKUP(I26, OrderAdditives!A:B, 2, FALSE)) -> MCT Oil | K26: TRUE | L26: 0.2
A27: Sterile Water + Fortifiers | B27: Sterile Water | C27: Similac Sterile Water | D27: =IF(VLOOKUP(C27, 'Order Base'!A:B, 2, FALSE)=0, "", VLOOKUP(C27, 'Order Base'!A:B, 2, FALSE)) -> Sim Sterile Water | E27: =VLOOKUP(C27, 'Order Base'!A:C, 3, FALSE) -> 0 | F27: 10 | H27: Sterile Water + Fortifier Label Note
I28: Enfamil Infant PWD | J28: =IF(VLOOKUP(I28, OrderAdditives!A:B, 2, FALSE)=0, "", VLOOKUP(I28, OrderAdditives!A:B, 2, FALSE)) -> Enfamil Infant | K28: FALSE | L28: =IFERROR(ROUND(IF(Setup!B2=Setup!F1, 20*Setup!F2, IF(Setup!B2=Setup!E1, 20*Setup!E2, IF(Setup!B2=Setup!D1, 20*Setup!D2, 0))), IF(Setup!B2=Setup!D1, 0, Setup!B3)), 0) -> 20
I29: Mct Oil Concentrate | J29: =IF(VLOOKUP(I29, OrderAdditives!A:B, 2, FALSE)=0, "", VLOOKUP(I29, OrderAdditives!A:B, 2, FALSE)) -> MCT Oil | K29: FALSE | L29: =IFERROR(ROUND(IF(Setup!B2=Setup!F1, 22*Setup!F2, IF(Setup!B2=Setup!E1, 22*Setup!E2, IF(Setup!B2=Setup!D1, 22*Setup!D2, 0))), IF(Setup!B2=Setup!D1, 0, Setup!B3)), 0) -> 22
A30: Sterile Water + Fortifier + Modular | B30: Sterile Water | C30: Similac Sterile Water | D30: =IF(VLOOKUP(C30, 'Order Base'!A:B, 2, FALSE)=0, "", VLOOKUP(C30, 'Order Base'!A:B, 2, FALSE)) -> Sim Sterile Water | E30: =VLOOKUP(C30, 'Order Base'!A:C, 3, FALSE) -> 0 | F30: 10 | H30: Sterile Water + Fortifier + Modular Label Note
I31: Enfamil Infant PWD | J31: =IF(VLOOKUP(I31, OrderAdditives!A:B, 2, FALSE)=0, "", VLOOKUP(I31, OrderAdditives!A:B, 2, FALSE)) -> Enfamil Infant | K31: FALSE | L31: =IFERROR(ROUND(IF(Setup!B2=Setup!F1, 20*Setup!F2, IF(Setup!B2=Setup!E1, 20*Setup!E2, IF(Setup!B2=Setup!D1, 20*Setup!D2, 0))), IF(Setup!B2=Setup!D1, 0, Setup!B3)), 0) -> 20
I32: Mct Oil Concentrate | J32: =IF(VLOOKUP(I32, OrderAdditives!A:B, 2, FALSE)=0, "", VLOOKUP(I32, OrderAdditives!A:B, 2, FALSE)) -> MCT Oil | K32: TRUE | L32: 0.2

Sheet Order Base
A1: formtypeName | B1: formtypeShortName | C1: formtypeCalPerOz
A2: Enfamil Infant RTU | B2: Enfamil Infant | C2: 20
A3: Enfamil NeuroPro Infant RTU | B3: Enfamil NeuroPro Infant | C3: 20
A4: Enfamil NeuroPro EnfaCare RTU | B4: NeuroPro Enfacare | C4: 22
A5: Enfamil EnfaCare RTU | C5: 22
A6: Enfamil NeuroPro Gentlease RTU | C6: 20
A7: Enfamil A.R. RTU | B7: Enfamil A.R | C7: 20
A8: Nutramigen RTU | C8: 20
A9: Pregestimil 24 kcal RTU | C9: 24
A10: Pregestimil 20 kcal RTU | C10: 20
A11: Enfamil ProSobee RTU | C11: 20
A12: Enfagrow NeuroPro Toddler Natural Milk Nutritional Drink | C12: 20
A13: Enfagrow NeuroPro Toddler Vanilla Flavor Nutrition Drink | C13: 20
A14: Enfamil Water, Oral Use RTU | C14: 0
A15: Enfamil 5% Glucose Water RTU | C15: 5.91
A16: Enfamil Enfalyte Oral Electrolyte Solution RTU | C16: 3.7
A17: Enfamil Premature with Iron 20 kcal RTU | C17: 20
A18: Enfamil Premature 24 kcal RTU | C18: 24
A19: Enfamil Premature 30 kcal RTU | C19: 30
... A22: Enfaport Nursette RTU | C22: 30
A23: Similac With Iron 24 | B23: Sim Iron 24 | C23: 24
A24: Similac Advance RTF | C24: 20
A25: Pure Bliss Organic RTF | B25: Pure Bliss Organic | C25: 20
A26: Similac 360 Total Care RTF | B26: Sim 360 Total | C26: 20
A27: Similac 360 Total Care Sensitive RTF | B27: Sim 360 Total | C27: 20
A28: Similac Special Care 20 RTU | B28: Sim Special Care 20 | C28: 20
A29: Similac Special Care 24 RTU | B29: Sim Special Care 24 | C29: 24
A30: Similac Special Care 24 High Protein RTU | B30: Sim Special Care 24 HP | C30: 24
A31: Similac Special Care 30 RTF | B31: Sim Special Care 30 | C31: 32.53
A32: Similac Neosure RTF | B32: Sim Neosure | C32: 22
A33: Neocate Splash | B33: Neocate Splash | C33: 30
A34: Similac Alimentum RTF | B34: Sim Alimentum | C34: 20
A35: Similac Pro-Total Comfort 20 RTF | B35: Sim Pro-Total Comfort 20 | C35: 20
A36: Similac Sensitive for Spit-Up RTF | B36: Sim Sensitive Spit Up | C36: 20
... A40: Nepro with Carbsteady | B40: Nepro Carbsteady | C40: 53
A41: Pedialyte Classic | C41: 3
A42: Glucerna 1.5 Cal | C42: 44
A43: Glucerna | C43: 28
A44: Pediasure Grow & Gain | C44: 30
A45: Pediasure 1.5 | C45: 45
A46: Pediasure Grow & Gain with Fiber | C46: 30
A47: Pediasure 1.5 Cal with Fiber | C47: 44.36
A48: Pediasure Reduced Calorie | C48: 18
A49: Jevity 1.0 Cal with Fiber | C49: 30
A50: Jevity 1.2 Cal with Fiber | C50: 36
A51: Jevity 1.5 Cal with Fiber | C51: 44.36
A52: Osmolite 1.0 Cal | C52: 30
... A55: TwoCal HN | C55: 59.15
A56: Compleat Original | B56: Compleat | C56: 31.35
A57: Compleat Pediatric Peptide 1.5 | B57: Compleat Peds Peptide 1.5 | C57: 44.36
A58: Compleat Pediatric Original RTU | B58: Compleat Peds | C58: 29.57
A59: Compleat Pediatric Reduced Calorie 0.6 | B59: Compleat Peds Reduced Cal | C59: 17.74
A60: Ensure Original Shake | B60: Ensure Original | C60: 27.5
A61: Nutren 1.0 Fiber RTU | B61: Nutren 1.0 Fiber | C61: 29.57
A62: Nutren 1.0 RTU | B62: Nutren 1.0 | C62: 29.57
A63: Nutren 1.5 RTU | B63: Nutren 1.5 | C63: 44.36
A64: Nutren Junior | B64: Nutren Jr. | C64: 29.57
A65: Nutren Junior Fiber RTU | B65: Nutren Jr. Fiber | C65: 29.57
A66: Nutren 2.0 RTU | C66: 59.15
A67: Nutren Pulmonary RTU | B67: Nutren Pulmonary | C67: 44.36
A68: Vivonex RTF | B68: Vivonex | C68: 29.57
A69: Bright Beginnings Soy Vanilla | B69: Bright Beginnings Soy | C69: 30
A70: Boost Kid Essentials 1.0 RTU | B70: Boost Kid 1.0 | C70: 29.93
A71: Boost Kid Essentials 1.5 RTU | C71: 44.36
A72: Boost Kid Essentials 1.5 With Fiber RTU | C72: 44.36
A73: Boost Breeze RTU | B73: Boose Breeze | C73: 31.05
A74: Boost Original RTU | B74: Boost | C74: 29.57
A75: Boost Glucose Control RTU | B75: Boost BG Control | C75: 23.66
A76: Boost Plus RTU | B76: Boost Plus | C76: 44.36
A77: Boost Nutritional Pudding RTU | B77: Boost Pudding | C77: 47.32
A78: Boost Very High Calorie RTU | B78: Boost VHC | C78: 66.25
A79: Benecalorie Concentrate | B79: Benecalorie | C79: 221.81
A80: Carnation Breakfast Essentials RTF Flavored Nutritional Drink RTU | B80: Carnation Essentials Flavor | C80: 29.87
A81: Gerber Good Start Gentle RTF | B81: Gerber Good Start Gentle | C81: 20
A82: Gerber Good Start Soy RTF | B82: Gerber Good Start Soy | C82: 20
A83: Isosource 1.5 Cal RTU | B83: Isosource 1.5 | C83: 44.36
A84: Isosource HN RTU | B84: Isosource HN | C84: 35.49
... A97: Diabetisource AC RTU | B97: Diabetisource AC | C97: 35.49
A98: KetoVie 4:1 Peptide | C98: 45
A99: KetoVie 3:1 | C99: 30
A100: KetoVie 4:1 Vanilla | C100: 45
A101: KetoVie 4:1 Chocolate | C101: 45
A102: Prolact HM | B102: Prolacta Human Donor Milk | C102: 20
A103: PremieLact | B103: PremieLact | C103: 20
A104: Prolact RTF 24 | B104: Prolact RTF 24 | C104: 24
A105: Prolact RTF 26 | B105: Prolact RTF 26 | C105: 26
A106: Prolact RTF 28 | B106: Prolacta RTF 28 | C106: 28
A107: Ni-Q HDM Plus | B107: Ni-Q HDM | C107: 20
A108: Real Food Blends (Beef Potatoes & Spinach) | B108: Real Foods Beef | C108: 35
A109: Real Food Blends (Quinoa Kale & Hemp) | B109: Real Foods Quinoa | C109: 36
A110: Real Food Blends (Turkey Sweet Potatoes & Peaches) | B110: Real Foods Turkey | C110: 34
A111: Real Food Blends (Salmon Oats & Squash) | B111: Real Foods Salmon | C111: 35
A112: Real Food Blends (Chicken, Carrots and Brown Rice) | B112: Real Foods Chicken | C112: 36
A113: Real Food Blends (Eggs Apples & Oats) | B113: Real Foods Eggs | C113: 34
... A118: Kate Farms Standard 1.0 Vanila | B118: Kate Farms Standard 1.0 Van | C118: 30
A119: ProSource Gelatein | C119: 40
A120: Baxter Sterile Water | C120: 0
A121: Kate Farms Pediatric Peptide 1.0 | C121: 30
A122: Other (See Notes) | C122: 0
A123: Ketocal 4:1 LQ | B123: Ketocal 4:1 | C123: 44.36
...

Sheet OrderAdditives
A1: formtypeName | B1: formtypeShortName
A2: Enfamil Infant RTU | B2: Enfamil Infant
A3: Enfamil Infant Concentrate | B3: Enfamil Infant
A4: Enfamil Infant PWD | B4: Enfamil Infant
A5: Enfamil NeuroPro Infant RTU | B5: Enfamil NeuroPro Infant
A6: Enfamil NeuroPro Infant PWD | B6: Enfamil NeuroPro Infant
A7: Enfamil Enspire Optimum PWD | B7: Enfamil Enspire
A8: Enfamil Enspire Gentlease PWD | B8: Enfamil Enspire Gentlease
A9: Enfamil NeuroPro EnfaCare RTU | B9: NeuroPro Enfacare
A10: Enfamil NeuroPro EnfaCare PWD
A11: Enfamil EnfaCare RTU
A12: Enfamil Gentlease PWD | B12: Enfamil Gentlease
A13: Enfamil NeuroPro Gentlease PWD
A14: Enfamil NeuroPro Gentlease RTU
A15: Enfamil A.R. RTU | B15: Enfamil A.R
A16: Enfamil A.R. PWD
A17: Enfamil NeuroPro Sensitive PWD
A18: Nutramigen RTU
A19: Nutramigen Concentrate Liquid
A20: Nutramigen with Enflora LGG PWD Can
A21: Pregestimil PWD
A22: Pregestimil 24 kcal RTU
A23: Pregestimil 20 kcal RTU
A24: Enfamil ProSobee RTU
A25: Enfamil ProSobee Concentrate Liquid
A26: Enfamil ProSobee PWD
A27: Enfamil Reguline PWD
... A45: Enfamil 24 kcal RTU
A46: Phenyl-Free 1 | B46: Phenyl-Free 1
A47: BCAD 1 | B47: BCAD 1
A48: GA | B48: GA
A49: HCY 1 | B49: HCY 1
A50: LMD | B50: LMD
A51: PFD Toddler | B51: PFD Toddler
A52: TYROS 1 | B52: TYROS 1
A53: OA 1 | B53: OA 1
A54: WND 1 | B54: WND 1
A55: Phenyl-Free 2 | B55: Phenyl-Free 2
A56: Phenyl-Free 2HP | B56: Phenyl-Free 2HP
A57: BCAD 2 | B57: BCAD 2
... A62: WND 2 | B62: WND 2
A63: Product 3232A Powder
A64: Portagen Powder
A65: Enfaport Nursette RTU
A66: PurAmino Infant
A67: PurAmino Jr PWD
A68: Similac With Iron 24 | B68: Sim Iron 24
A69: Similac Advance PWD | B69: Sim Advance
A70: Similac Advance Concentrate
A71: Similac Advance RTF
A72: Pure Bliss Organic PWD | B72: Pure Bliss Organic
A73: Pure Bliss Organic RTF | B73: Pure Bliss Organic
A74: Pure Bliss Similac Organic with A2 Milk, PWD | B74: Pure Bliss Organic w/A2 Milk
A75: Similac Organic Toddler with A2 Milk, PWD | B75: Sim Organic Toddler w/A2 Milk
A76: Similac Sensitive Concentrate
A77: Similac 360 Total Care RTF | B77: Sim 360 Total
A78: Similac 360 Total Care PWD | B78: Sim 360 Total
A79: Similac 360 Total Care Sensitive RTF | B79: Sim 360 Total
A80: Similac 360 Total Care Sensitive PWD | B80: Sim 360 Total
A81: Pure Bliss by Similac Toddler Drink
A82: Similac Soy Isomil RTF | B82: Sim Soy Iso
A83: Similac Soy Isomil Concentrate
A84: Similac Special Care 20 RTU | B84: Sim Special Care 20
A85: Similac Special Care 24 RTU | B85: Sim Special Care 24
A86: Similac Special Care 24 High Protein RTU | B86: Sim Special Care 24 HP
A87: Similac Special Care 30 RTF | B87: Sim Special Care 30
A88: Similac Neosure PWD | B88: Sim Neosure
A89: Similac Neosure RTF | B89: Sim Neosure
A90: Neocate Infant DHA / ARA | B90: Neocate Infant
A91: Neocate Junior With Prebiotics | B91: Neocate Jr.
A92: Neocate Junior Vanilla | B92: Neocate Jr. Vanilla
A93: Neocate Junior Unflavored without prebiotics | B93: Neocate Junior
A94: Neocate Junior Chocolate | B94: Neocate Jr. Chocolate
A95: Neocate Junior Tropical | B95: Neocate Jr. Tropical
... A100: Similac Pro-Total Comfort 20 RTF | B100: Sim Pro-Total Comfort 20
A101: Similac Human Milk Fortifier Concentrated Liquid
A102: Similac Human Milk Fortifier Hydrolyzed Protein Liquid Pack
A103: Liquid Protein Fortifier
A104: Similac Sensitive for Spit-Up RTF | B104: Sim Sensitive Spit Up
A105: Similac PM 60/40 PWD | B105: Similac PM 60/40
A106: EleCare (for infants)
A107: EleCare Jr
A108: Similac Sterile Water | B108: Sim Sterile Water
A109: Similac 10% Glucose Water RTF | B109: Sim 10% Glucose Water
A110: Similac 5% Glucose Water RTF | B110: Sim 5% Glucose Water
A111: Calcilo XD PWD | B111: Calcilo XD
A112: Cyclinex-1 PWD | B112: Cyclinex-1
A113: Cyclinex-2 PWD | B113: Cyclinex-2
A114: Glutarex-1 PWD | B114: Glutarex-1
A115: Glutarex-2 PWD | B115: Glutarex-2
A116: Hominex-1 PWD | B116: Hominex-1
A117: Hominex-2 PWD | B117: Hominex-2
A118: I-Valex-1 PWD | B118: I-Valex-1
A119: I-Valex-2 PWD | B119: I-Valex-2
... A127: ProViMin PWD | B127: ProViMin
A128: RCF Concentrated Liquid
A129: Tyrex-1 PWD | B129: Tyrex-1
A130: Tyrex-2 PWD | B130: Tyrex-2
A131: Nepro with Carbsteady | B131: Nepro Carbsteady
A132: Pedialyte Classic
...

Sheet Setup
A1: Settings Name | B1: VALUE | D1: KCAL_PER_OZ_DEFAULT | E1: KCAL_PER_ML | F1: KCAL_PER_100_MLS | H1: Scenario Name | I1: Product Name
A2: cal_per_oz_unit_conversion | B2: KCAL_PER_OZ_DEFAULT | D2: 1 | E2: =1 / 29.5735296 -> 0.033814023 | F2: =1 / (29.5735296 / 100) -> 3.3814023 | H2: Split Powder Product to Assigned Patient | I2: Enfamil Infant PWD
A3: ui/decimal/rounding/cals | B3: 0 | H3: Split Powder Product to Unassigned Patient | I3: Enfamil Infant PWD
H4: Split Received RTU Product to Assigned Patient | I4: Enfamil Infant RTU
